<ArrayOfJobClass xmlns:xsd="http://www.w3.org/2001/XMLSchema" xmlns:xsi="http://www.w3.org/2001/XMLSchema-instance">
  <JobClass>
    <TriggerDependencies />
    <Triggers>
      <TriggerClass>
        <ExpireActionType>Inactivate</ExpireActionType>
        <ExpireType>DateTime</ExpireType>
        <Result>
          <File>
            <ChangeType>Created</ChangeType>
            <Folder>C:\temp\PRTGConfig</Folder>
            <TriggerFolder>C:\temp\PRTGConfig</TriggerFolder>
            <FileMask>PRTG Configuration.dat</FileMask>
            <Name>PRTG Configuration.dat</Name>
            <FullPath>C:\temp\PRTGConfig\PRTG Configuration.dat</FullPath>
            <OldName />
            <OldFullPath />
          </File>
          <Id>c0abfa36-a96f-43a5-af87-4c55e9030c1e</Id>
          <LastRun>2019-11-20T16:52:12.67708+02:00</LastRun>
        </Result>
        <TEvent>
          <EventType>File</EventType>
          <FileEvent>
            <NotifyFilters>
              <NotifyFilters>FileName</NotifyFilters>
            </NotifyFilters>
            <ChangeTypes>
              <WatcherChangeTypes>Created</WatcherChangeTypes>
            </ChangeTypes>
            <NetworkCredential />
            <Path>C:\temp\PRTGConfig</Path>
            <Filter>PRTG Configuration.dat</Filter>
            <ExcludeFilter />
            <IncludeSubdirectories>false</IncludeSubdirectories>
            <TriggerOnRelease>true</TriggerOnRelease>
            <ReconnectInterval>10</ReconnectInterval>
            <ReconnectAttempts>600</ReconnectAttempts>
            <RetryAttemptsNoLimit>false</RetryAttemptsNoLimit>
            <DuplicateFileDelay>300</DuplicateFileDelay>
            <BufferSize>65536</BufferSize>
            <Interval>60</Interval>
            <UsePolling>false</UsePolling>
          </FileEvent>
          <TimesUntilExecute>1</TimesUntilExecute>
        </TEvent>
        <Id>c0abfa36-a96f-43a5-af87-4c55e9030c1e</Id>
        <TriggerCount>0</TriggerCount>
        <JobId>26b8770c-4b4f-4929-bf43-9c71e0582fa1</JobId>
        <Description>C:\temp\PRTGConfig</Description>
        <Active>true</Active>
        <FirstRun>2019-11-20T16:43:28.4953618+02:00</FirstRun>
        <ExpirationEnabled>false</ExpirationEnabled>
        <ExpirationDate>2019-11-20T16:43:28</ExpirationDate>
        <TimesUntilExpire>1</TimesUntilExpire>
        <UseTimeOut>false</UseTimeOut>
        <TimeOutHours>0</TimeOutHours>
        <TimeOutMinutes>0</TimeOutMinutes>
        <TimeOutSeconds>0</TimeOutSeconds>
        <TimeOutTime>9999-12-31T23:59:59.9999999</TimeOutTime>
        <IgnoreServerOff>false</IgnoreServerOff>
        <IsUTCOffsetSet>true</IsUTCOffsetSet>
        <UTCOffsetTicks>72000000000</UTCOffsetTicks>
        <TriggerType>EventType</TriggerType>
      </TriggerClass>
    </Triggers>
    <ResetTriggerDepedency>false</ResetTriggerDepedency>
    <Variables />
    <GroupOverride />
    <Flow />
    <JobLoops />
    <Tasks>
      <TaskClass>
        <StartNotifications />
        <CompleteNotifications />
        <ErrorNotifications />
        <Conditions />
        <TimeOut>
          <Use>false</Use>
          <Hours>0</Hours>
          <Minutes>0</Minutes>
          <Seconds>0</Seconds>
          <ConsiderError>false</ConsiderError>
        </TimeOut>
        <Stats>
          <Status>Waiting</Status>
          <JobId>26b8770c-4b4f-4929-bf43-9c71e0582fa1</JobId>
          <TaskId>15cbec58-c021-4f0c-aef0-cd73e4843f53</TaskId>
          <Active>true</Active>
          <StandardOutput />
          <StandardError />
          <ExitCode>0</ExitCode>
          <R>Success</R>
          <ExecutionTime>4.302</ExecutionTime>
          <NoExecutes>7</NoExecutes>
          <Result>Success</Result>
          <DateLastExited>2019-11-20T16:52:17.0873946+02:00</DateLastExited>
          <DateLastExecution>2019-11-20T16:52:12.785045+02:00</DateLastExecution>
          <DateCreated>0001-01-01T00:00:00</DateCreated>
          <DateModified>0001-01-01T00:00:00Z</DateModified>
        </Stats>
        <OnError>
          <CausesError>Selected</CausesError>
          <ErrorList>
            <ErrorT>Unhandled</ErrorT>
            <ErrorT>TaskTimeout</ErrorT>
            <ErrorT>NonZeroExitCode</ErrorT>
            <ErrorT>ConnectionNotFound</ErrorT>
            <ErrorT>ForegroundConnectionNotFound</ErrorT>
          </ErrorList>
          <ErrorAction>NotSet</ErrorAction>
          <RetryTimes>0</RetryTimes>
          <RunFollowingTasks>true</RunFollowingTasks>
          <Minutes>0</Minutes>
          <Seconds>0</Seconds>
          <ExitCodeCollectionId>746c95ce-d394-491c-925c-8bd50e4daa8e</ExitCodeCollectionId>
          <RaiseErrorAction>NotSet</RaiseErrorAction>
          <ExitCode>77777</ExitCode>
          <EventCondition>IfOutputError</EventCondition>
          <ValueType>String</ValueType>
          <ConditionType>Equal</ConditionType>
          <ConditionValue1 />
          <ConditionValue2 />
        </OnError>
        <TaskDebugging>false</TaskDebugging>
        <Id>15cbec58-c021-4f0c-aef0-cd73e4843f53</Id>
        <JobId>26b8770c-4b4f-4929-bf43-9c71e0582fa1</JobId>
        <Order>1</Order>
        <Name>Process missing sensors</Name>
        <Description />
        <StoreSTDOut>true</StoreSTDOut>
        <StoreSTDErr>true</StoreSTDErr>
        <ExecutionContext>
          <IsLocalConnection>true</IsLocalConnection>
          <ConnectionId />
          <InheritExitCode>true</InheritExitCode>
          <ExecutionType>Background</ExecutionType>
          <ForegroundExecuteType>SameAsUnlockUser</ForegroundExecuteType>
          <UserName />
          <SessionID>77777</SessionID>
          <AnySessionID>true</AnySessionID>
          <BeforeExecutionLogon>false</BeforeExecutionLogon>
          <BeforeExecutionLogonCredential />
          <OtherSessionAction>DoNothingAsLongAsTargetUserConnected</OtherSessionAction>
          <AfterUnlockLock>false</AfterUnlockLock>
          <AfterExecutionAction>DoNothing</AfterExecutionAction>
        </ExecutionContext>
        <CodePage>1252</CodePage>
        <TaskType>Execute</TaskType>
        <Flow>
          <FlowClass>
            <Id>105bafc2-fdf9-426d-b7ff-2d99db88519b</Id>
            <FlowOrigin>Unknown</FlowOrigin>
            <ActionType>ContinueNextTask</ActionType>
            <RetryFailAction>StopJob</RetryFailAction>
            <TimeOut>
              <Hours>0</Hours>
              <Minutes>0</Minutes>
              <Seconds>0</Seconds>
            </TimeOut>
            <EventType>OnSuccess</EventType>
            <EventCondition>Always</EventCondition>
            <ValueType>String</ValueType>
            <ConditionType>Equal</ConditionType>
            <ConditionValue1 />
            <ConditionValue2 />
            <Minutes>0</Minutes>
            <Seconds>1</Seconds>
            <NotificationId />
            <TaskId />
            <JobId />
            <RunJobAsynchronous>false</RunJobAsynchronous>
            <DeactivateJob>false</DeactivateJob>
            <RetryTimes>3</RetryTimes>
            <RunFollowingTasks>true</RunFollowingTasks>
            <DeactivateTask>false</DeactivateTask>
          </FlowClass>
          <FlowClass>
            <Id>8cd77d65-9896-4e7e-ab13-13723151c30b</Id>
            <FlowOrigin>Unknown</FlowOrigin>
            <ActionType>StopJob</ActionType>
            <RetryFailAction>StopJob</RetryFailAction>
            <TimeOut>
              <Hours>0</Hours>
              <Minutes>0</Minutes>
              <Seconds>0</Seconds>
            </TimeOut>
            <EventType>OnError</EventType>
            <EventCondition>Always</EventCondition>
            <ValueType>String</ValueType>
            <ConditionType>Equal</ConditionType>
            <ConditionValue1 />
            <ConditionValue2 />
            <Minutes>0</Minutes>
            <Seconds>1</Seconds>
            <NotificationId />
            <TaskId />
            <JobId />
            <RunJobAsynchronous>false</RunJobAsynchronous>
            <DeactivateJob>false</DeactivateJob>
            <RetryTimes>3</RetryTimes>
            <RunFollowingTasks>true</RunFollowingTasks>
            <DeactivateTask>false</DeactivateTask>
          </FlowClass>
        </Flow>
        <Execute>
          <NetworkCredential />
          <UseWorkingDirectory>true</UseWorkingDirectory>
          <WorkingDirectory>C:\temp\nxslt-2.2-bin</WorkingDirectory>
          <Priority>Normal</Priority>
          <CheckIfRunning>false</CheckIfRunning>
          <ProcessName />
          <CmdLine>C:\temp\nxslt-2.2-bin\nxslt2.exe</CmdLine>
          <UseShellExecute>false</UseShellExecute>
          <Arguments>"{TRIGGER(26b8770c-4b4f-4929-bf43-9c71e0582fa1|c0abfa36-a96f-43a5-af87-4c55e9030c1e|File.Result.FullPath)}" C:\git\prtgutils\PRTG.xslt -o C:\temp\PRTGConfig\prtgmissing.html</Arguments>
          <StdIn />
          <LogonType>WithProfile</LogonType>
          <RunHidden>true</RunHidden>
        </Execute>
      </TaskClass>
      <TaskClass>
        <StartNotifications />
        <CompleteNotifications />
        <ErrorNotifications />
        <Conditions />
        <TimeOut>
          <Use>false</Use>
          <Hours>0</Hours>
          <Minutes>0</Minutes>
          <Seconds>0</Seconds>
          <ConsiderError>false</ConsiderError>
        </TimeOut>
        <Stats>
          <Status>Waiting</Status>
          <JobId>26b8770c-4b4f-4929-bf43-9c71e0582fa1</JobId>
          <TaskId>d36fd05a-8e78-4f20-bc17-3442c20d1059</TaskId>
          <Active>true</Active>
          <StandardOutput />
          <StandardError />
          <ExitCode>0</ExitCode>
          <R>Success</R>
          <ExecutionTime>9.932</ExecutionTime>
          <NoExecutes>1</NoExecutes>
          <Result>Success</Result>
          <DateLastExited>2019-11-20T16:52:27.0705656+02:00</DateLastExited>
          <DateLastExecution>2019-11-20T16:52:17.148975+02:00</DateLastExecution>
          <DateCreated>0001-01-01T00:00:00</DateCreated>
          <DateModified>0001-01-01T00:00:00Z</DateModified>
        </Stats>
        <OnError>
          <CausesError>Selected</CausesError>
          <ErrorList>
            <ErrorT>Unhandled</ErrorT>
            <ErrorT>TaskTimeout</ErrorT>
            <ErrorT>NonZeroExitCode</ErrorT>
            <ErrorT>ConnectionNotFound</ErrorT>
            <ErrorT>ForegroundConnectionNotFound</ErrorT>
          </ErrorList>
          <ErrorAction>NotSet</ErrorAction>
          <RetryTimes>0</RetryTimes>
          <RunFollowingTasks>true</RunFollowingTasks>
          <Minutes>0</Minutes>
          <Seconds>0</Seconds>
          <ExitCodeCollectionId>746c95ce-d394-491c-925c-8bd50e4daa8e</ExitCodeCollectionId>
          <RaiseErrorAction>NotSet</RaiseErrorAction>
          <ExitCode>77777</ExitCode>
          <EventCondition>IfOutputError</EventCondition>
          <ValueType>String</ValueType>
          <ConditionType>Equal</ConditionType>
          <ConditionValue1 />
          <ConditionValue2 />
        </OnError>
        <TaskDebugging>false</TaskDebugging>
        <Id>d36fd05a-8e78-4f20-bc17-3442c20d1059</Id>
        <JobId>26b8770c-4b4f-4929-bf43-9c71e0582fa1</JobId>
        <Order>2</Order>
        <Name>Process Duplicates</Name>
        <Description />
        <StoreSTDOut>true</StoreSTDOut>
        <StoreSTDErr>true</StoreSTDErr>
        <ExecutionContext>
          <IsLocalConnection>true</IsLocalConnection>
          <ConnectionId />
          <InheritExitCode>true</InheritExitCode>
          <ExecutionType>Background</ExecutionType>
          <ForegroundExecuteType>SameAsUnlockUser</ForegroundExecuteType>
          <UserName />
          <SessionID>77777</SessionID>
          <AnySessionID>true</AnySessionID>
          <BeforeExecutionLogon>false</BeforeExecutionLogon>
          <BeforeExecutionLogonCredential />
          <OtherSessionAction>DoNothingAsLongAsTargetUserConnected</OtherSessionAction>
          <AfterUnlockLock>false</AfterUnlockLock>
          <AfterExecutionAction>DoNothing</AfterExecutionAction>
        </ExecutionContext>
        <CodePage>1252</CodePage>
        <TaskType>Execute</TaskType>
        <Flow>
          <FlowClass>
            <Id>105bafc2-fdf9-426d-b7ff-2d99db88519b</Id>
            <FlowOrigin>Unknown</FlowOrigin>
            <ActionType>ContinueNextTask</ActionType>
            <RetryFailAction>StopJob</RetryFailAction>
            <TimeOut>
              <Hours>0</Hours>
              <Minutes>0</Minutes>
              <Seconds>0</Seconds>
            </TimeOut>
            <EventType>OnSuccess</EventType>
            <EventCondition>Always</EventCondition>
            <ValueType>String</ValueType>
            <ConditionType>Equal</ConditionType>
            <ConditionValue1 />
            <ConditionValue2 />
            <Minutes>0</Minutes>
            <Seconds>1</Seconds>
            <NotificationId />
            <TaskId />
            <JobId />
            <RunJobAsynchronous>false</RunJobAsynchronous>
            <DeactivateJob>false</DeactivateJob>
            <RetryTimes>3</RetryTimes>
            <RunFollowingTasks>true</RunFollowingTasks>
            <DeactivateTask>false</DeactivateTask>
          </FlowClass>
          <FlowClass>
            <Id>8cd77d65-9896-4e7e-ab13-13723151c30b</Id>
            <FlowOrigin>Unknown</FlowOrigin>
            <ActionType>StopJob</ActionType>
            <RetryFailAction>StopJob</RetryFailAction>
            <TimeOut>
              <Hours>0</Hours>
              <Minutes>0</Minutes>
              <Seconds>0</Seconds>
            </TimeOut>
            <EventType>OnError</EventType>
            <EventCondition>Always</EventCondition>
            <ValueType>String</ValueType>
            <ConditionType>Equal</ConditionType>
            <ConditionValue1 />
            <ConditionValue2 />
            <Minutes>0</Minutes>
            <Seconds>1</Seconds>
            <NotificationId />
            <TaskId />
            <JobId />
            <RunJobAsynchronous>false</RunJobAsynchronous>
            <DeactivateJob>false</DeactivateJob>
            <RetryTimes>3</RetryTimes>
            <RunFollowingTasks>true</RunFollowingTasks>
            <DeactivateTask>false</DeactivateTask>
          </FlowClass>
        </Flow>
        <Execute>
          <NetworkCredential />
          <UseWorkingDirectory>true</UseWorkingDirectory>
          <WorkingDirectory>C:\temp\nxslt-2.2-bin</WorkingDirectory>
          <Priority>Normal</Priority>
          <CheckIfRunning>false</CheckIfRunning>
          <ProcessName />
          <CmdLine>C:\temp\nxslt-2.2-bin\nxslt2.exe</CmdLine>
          <UseShellExecute>false</UseShellExecute>
          <Arguments>"{TRIGGER(26b8770c-4b4f-4929-bf43-9c71e0582fa1|c0abfa36-a96f-43a5-af87-4c55e9030c1e|File.Result.FullPath)}" c:\git\prtgutils\PRTGDuplicateCheckStage1.xslt -o C:\temp\PRTGConfig\prtgdups.html</Arguments>
          <StdIn />
          <LogonType>WithProfile</LogonType>
          <RunHidden>true</RunHidden>
        </Execute>
      </TaskClass>
    </Tasks>
    <StartNotifications />
    <CompleteNotifications />
    <ErrorNotifications />
    <TimeExceptions />
    <Conditions />
    <TimeOut>
      <Use>false</Use>
      <Hours>0</Hours>
      <Minutes>0</Minutes>
      <Seconds>0</Seconds>
      <ConsiderError>false</ConsiderError>
    </TimeOut>
    <Stats>
      <JobId>26b8770c-4b4f-4929-bf43-9c71e0582fa1</JobId>
      <Active>true</Active>
      <ExitCode>0</ExitCode>
      <R>Success</R>
      <DateLastExecution>2019-11-20T16:52:12.7830502+02:00</DateLastExecution>
      <DateNextExecution>0001-01-01T00:00:00Z</DateNextExecution>
      <DateLastExited>2019-11-20T16:52:27.1330776+02:00</DateLastExited>
      <DateCreated>2019-11-20T16:46:59.9485356+02:00</DateCreated>
      <DateModified>2019-11-20T16:52:09.194054+02:00</DateModified>
      <NoExecutes>7</NoExecutes>
      <ExecutionTime>14.351</ExecutionTime>
      <LastTriggerId>c0abfa36-a96f-43a5-af87-4c55e9030c1e</LastTriggerId>
      <Status>Waiting</Status>
    </Stats>
    <Id>26b8770c-4b4f-4929-bf43-9c71e0582fa1</Id>
    <Test>false</Test>
    <UseRunRandomValue>false</UseRunRandomValue>
    <RunRandomValue>0</RunRandomValue>
    <Missed>false</Missed>
    <MissedDate>0001-01-01T00:00:00</MissedDate>
    <Name>Process PRTG Config</Name>
    <Description />
    <Group>Default group</Group>
    <RunMissed>false</RunMissed>
    <RunOnce>false</RunOnce>
    <RemoveAfterExecution>false</RemoveAfterExecution>
    <RunTasksInOrder>true</RunTasksInOrder>
    <NotStartIfRunning>true</NotStartIfRunning>
    <QueueJobs>true</QueueJobs>
    <CreatedBy>6f3079d7-1a63-4048-a508-dfb744b9902a</CreatedBy>
    <ModifiedBy>6f3079d7-1a63-4048-a508-dfb744b9902a</ModifiedBy>
    <UniqueRunId>0</UniqueRunId>
    <JobFolders />
  </JobClass>
</ArrayOfJobClass>